ID,Crop type,PH Value,Potassium (ppm),Phosphorus (ppm),Soil Type,Sunlight Hours,Temperature (Â°C),Humidity (%),Growth Status (Output)
82,Tomato,6.619158074530816,313.5025683012904,92.986544730065,Well-drained,10.92352346952818,25.445703732847942,74.14037128761434,1
207,Capsicum,6.058813600753169,331.3927442742572,27.092285474266337,Well-drained,10.035824507363158,28.35355387752806,76.59955724465115,0
289,Capsicum,6.1540972823285855,119.97463144276854,72.94182602813399,Loamy Soil,8.269281797568674,25.594354023366574,83.03954928432952,0
125,Cabbage,6.353502884069078,321.6362467542418,101.90368967237842,Well-drained,7.346021507743729,21.26030054947288,76.36572447320019,1
257,Capsicum,4.989350746811939,292.5671478822109,63.79030284085282,Loamy Soil,11.55090230239821,27.17062094934053,71.21891702513372,0
167,Brinjal,6.420616005860656,325.8571039238416,56.25755205763053,Loamy Soil,13.262711643979586,31.0578667171644,67.15495951935235,0
24,Cabbage,6.274097033651803,342.1794365328077,75.23083758596505,Well-drained,7.612490020462804,27.890503220232496,78.64826216983366,1
144,Bean,6.6831381164714445,182.25030496853088,62.20828237271848,Sand Clay Loam,8.69404008236993,27.052735185276795,83.90686009463471,0
87,Capsicum,6.033887534833302,309.68939822565545,69.94960187350692,Well-drained,10.677977147965706,26.00329396694248,81.3706492937465,1
220,Tomato,6.593175464100433,352.79286182066767,86.59811363530459,Sandy Loam,8.0945044205672,31.362786963044623,78.92388717211742,0
64,Brinjal,6.30635698995204,239.7914484811642,65.43414911452145,Well-drained,8.860118296967336,29.81203766334615,70.223975538325,0
73,Brinjal,6.517198094600167,244.2386746704088,60.859622214780586,Well-drained,10.39442709087062,30.24809798012752,80.44364464621154,0
66,Tomato,6.117154663129497,363.3012698136952,89.13872673714076,Sandy Loam,9.919717769582384,25.113213836095177,77.05535165227671,1
22,Tomato,6.105751479531024,368.5220937889893,50.89331644713964,Well-drained,8.209363530234215,25.62863120664285,75.10401521483658,1
99,Bean,6.299224458586423,196.32781231738903,58.92694325362381,Sand Clay Loam,8.631377786873694,22.751139172853502,82.382268317817,1
132,Brinjal,6.39796693622923,372.71379364905135,66.27466495103427,Clay Loam,11.66517003090976,30.337629196593326,68.06885148932518,0
226,Cabbage,6.111308752938,264.8027587204629,133.66397987843,Clay,7.604076202001504,24.725383372389697,73.61426028661096,0
221,Capsicum,6.112308075121914,124.91679492361396,66.49546409318312,Well-drained,10.13263290887127,25.746797709819266,83.87160339837074,0
2,Bean,6.9776609021884415,126.44283882064694,62.11158828498193,Well-drained,8.963285410067506,28.72333438475887,78.5261478624375,0
119,Bean,6.169635205227664,129.40874392690543,76.68289197833471,Loamy Soil,8.640883857492884,29.23052215610284,81.62022151796805,1
211,Brinjal,6.4721916283562,378.9590783679003,61.17560914421133,Clay,9.418850408462347,33.54328487631873,67.1431668104419,0
197,Bean,6.63781784240547,179.9906594670803,79.41567564716739,Loamy Soil,9.171792271272668,32.3713547319745,70.79144690929479,0
6,Bean,6.933502278266939,149.66358814785403,50.86992240870456,Loamy Soil,9.93542851332042,24.7218128041998,84.1659746695557,0
271,Bean,6.4435200226304925,98.51135892492924,71.0466032896521,Sand Clay Loam,8.422672483112063,28.89728924710877,74.47247996889143,0
231,Capsicum,6.805640780926774,304.80625233228096,10.493233898836255,Clay Loam,8.824172374713383,25.507413923890155,62.33784871358103,0
109,Capsicum,6.604415212890789,310.9179441647051,69.50357252738925,Well-drained,11.54767158705138,25.11092057495788,70.85662600375261,1
157,Cabbage,5.470674674551731,290.2724670950775,83.43821104834979,Sand Clay Loam,8.05050504615183,22.11440390957728,71.67670412274117,0
265,Capsicum,6.381219920392085,105.38167439960016,77.41316512659219,Well-drained,11.425260262697256,26.422704544485235,68.88463952226108,0
107,Tomato,6.926470796496361,323.635478682612,74.0988013698181,Sandy Loam,11.189608871165202,26.614790346349785,80.021046139787,1
47,Brinjal,6.014543884873913,241.04457632391785,77.55554428764704,Loamy Soil,11.315297663731352,30.78588840191858,67.69470661052604,0
10,Tomato,6.822075322719343,267.01867384163927,85.03131490337717,Well-drained,8.774483677292217,24.30072574017604,83.34044801157299,1
236,Tomato,6.8356334418180325,335.9394908482318,54.96315758149265,Sandy Loam,10.330906649673722,31.631302180959164,75.5073067998976,0
86,Cabbage,6.915963933910392,305.1112713166452,90.14311156288468,Sand Clay Loam,8.434312474439132,21.463371599051385,83.69248252377191,0
241,Brinjal,4.984246823741055,379.1158364212445,56.2342358251292,Well-drained,11.764322859917376,31.3849067750593,67.29750717794262,0
296,Capsicum,6.137599420299344,349.80539408953086,54.74760104377395,Clay Loam,13.761992090061472,31.354074180984888,77.5030876485971,0
215,Cabbage,6.859691741522213,320.93096594450424,81.17598217786544,Loamy Soil,13.103046703934602,24.487127370548148,70.44653692445308,0
103,Tomato,6.563470392229804,315.63333068599155,62.13279810725334,Sandy Loam,8.690479469707324,24.60951631958453,73.00278698005583,1
194,Tomato,6.905468353410435,266.3813097941858,69.17105809254323,Sandy Loam,10.01706777238546,24.296153188447683,89.38832292389466,0
227,Brinjal,6.512397514827721,318.92074182142824,75.97638615700335,Clay Loam,9.84056589477438,37.040646954081126,76.05174768523213,0
15,Bean,6.202942070507208,143.7379283042042,58.23520030322018,Well-drained,8.836821183192422,26.182469775799785,67.2334732643666,1
63,Brinjal,6.533655055466134,292.79450818046,73.67532527348004,Loamy Soil,8.404837502239833,31.39475120902005,61.907934077529546,0
100,Capsicum,6.443245465823488,261.88198496281694,63.55303162822412,Loamy Soil,10.55632166673974,31.80457296053547,81.08710444171336,1
252,Tomato,6.909597707443316,266.0750127803367,11.741560688417977,Well-drained,8.76729355392496,27.06485781079661,84.52088793444177,0
267,Brinjal,6.520150608670894,294.3905149939252,61.09789519094954,Well-drained,9.014831126889542,33.17419123895745,91.08656561792075,0
129,Cabbage,6.389400932101461,281.3689864798806,110.83170428529236,Sand Clay Loam,9.686399264933096,26.843561855230323,78.90743524484648,1
71,Bean,6.525755362054629,157.55629179757733,61.613660485314455,Well-drained,9.55827888927248,23.16783908522285,83.24893456434657,0
27,Bean,6.474869955345466,151.14964666082977,67.5483741547486,Sand Clay Loam,8.078680976809625,26.338681314324536,66.76852250176519,1
275,Brinjal,6.600286205767823,327.5699824115879,55.6393470950478,Clay,10.197342147648708,28.10352356697489,64.95460523062769,0
101,Cabbage,6.106987738729556,323.322067358826,84.1880426498179,Loamy Soil,8.396126902412794,22.24455206979636,75.51929157006442,1
133,Cabbage,6.419975639705362,306.524861165396,133.92862830719247,Sand Clay Loam,7.42897273614848,21.910047257109333,83.81256660779462,1
162,Bean,6.927992884832432,199.6905349149725,42.156139966047824,Sand Clay Loam,8.493341546286684,23.869274267843668,87.26620434963067,0
258,Brinjal,6.909726148160882,358.6732708201814,75.51802546653647,Clay,9.049525755550835,33.13509524550666,84.72345236922695,0
163,Bean,6.590945658548253,90.80815398920274,47.12687340973032,Well-drained,9.986820193799016,28.00903031308109,84.8532453898941,0
21,Brinjal,6.240055776572275,370.6356341386757,71.97745546933986,Well-drained,10.839880303895686,34.879834433814736,71.75052418853969,0
190,Capsicum,6.521067395766376,328.6650387000894,16.43094031274318,Loamy Soil,11.238026489947211,25.54384123718881,67.59774034902672,0
291,Brinjal,6.589518237565275,145.76638281216196,63.28534818387727,Clay Loam,10.022309079187243,28.277858591752256,81.94219432257017,0
213,Capsicum,6.766606915723585,114.55720804871456,70.76457864885444,Clay Loam,11.02201588654112,26.66822413210733,63.905244055760186,0
40,Capsicum,6.816048724445509,370.7534914056946,58.155146480593615,Loamy Soil,8.906997925537514,29.100285137646885,71.95572580477047,1
11,Tomato,6.206466981224334,359.5535849613158,68.32442127221529,Well-drained,10.180346298333802,27.11334214838345,80.38899437902771,1
295,Bean,6.533463943604287,150.95751894646452,56.18001132544258,Loamy Soil,12.228040091834822,26.9018442245095,65.75499489384856,0
272,Tomato,6.001341878270357,338.7224768614524,12.842445379063731,Well-drained,9.352546092549256,25.087270974794123,73.73385731677907,0
60,Tomato,6.974683152299386,262.4462083798282,78.16526852156429,Well-drained,8.61645536384341,26.908447908437104,81.57694527300032,1
136,Cabbage,6.081795236511321,342.8021932972196,86.95637284761547,Sand Clay Loam,9.582603337648438,24.60315539010745,75.08247562834902,1
278,Capsicum,6.38860845214905,288.1277013900977,51.85144758474325,Loamy Soil,13.450912683294916,29.752171632456623,78.40082304121628,0
274,Tomato,6.749552280725399,322.6163442570703,93.56898768260912,Clay Loam,10.277245859467929,24.266792795799272,86.87992264443061,0
38,Tomato,6.895875980822429,371.3827174820341,74.26007275844074,Sandy Loam,10.77046950921229,26.02182903474128,82.45548001930099,1
196,Capsicum,6.817108236703793,391.972176399468,71.5508429100397,Clay,10.297115897840758,27.69491280749899,67.32499075049984,0
30,Cabbage,6.005984059591701,333.5326148151662,99.77091644268592,Well-drained,8.783617372018522,22.18293927337446,84.9838908284511,1
186,Brinjal,6.150019875974366,218.74423262484035,72.32267637974296,Well-drained,8.204642445145446,38.89019149417349,67.98471768035454,0
187,Capsicum,5.417574904772788,332.3484003180472,72.20994534584995,Loamy Soil,10.631555730297976,27.8081069237222,64.38050610879588,0
299,Brinjal,6.408005376023993,285.3900607947449,51.49704111411257,Clay Loam,15.929705992226747,29.996666082515205,81.31296042336834,0
192,Capsicum,6.300019583100109,130.60476905989304,53.00812122273866,Loamy Soil,11.956967111584076,28.596302624172782,60.81522191091554,0
134,Cabbage,6.681568453072628,252.31557254758,107.66027074331546,Sand Clay Loam,7.465551857043891,23.84872943153647,83.3911024105436,0
34,Tomato,6.095887149119537,346.4280986412293,91.7423274525148,Sandy Loam,10.42278494274334,24.76868269318191,76.38952231603747,1
245,Cabbage,6.871427826444581,167.8223034355441,123.09804033248017,Sand Clay Loam,8.58724399691778,27.930202073999588,77.51114505921434,0
113,Tomato,6.837559387677603,280.2465759598452,84.02123191974759,Well-drained,10.031612949448068,27.9979768305627,81.37312981715304,1
273,Bean,6.315634314040952,197.6258463020517,57.69626373273882,Well-drained,9.570410451268746,34.84079372075319,69.14764913811278,0
230,Cabbage,6.1497702787360975,346.8677339713175,124.91098575707996,Well-drained,14.450199449417104,26.28689433903324,77.25895164227794,0
158,Brinjal,6.551052033321425,328.967112690334,59.78477430546181,Clay Loam,9.314458292329016,34.872294525728165,94.32790261292844,0
96,Tomato,6.1185231178853385,253.49305352510868,73.23703423020339,Well-drained,10.59090009525944,24.95773109636147,83.32723766148125,1
53,Cabbage,6.060117341832452,267.5915930243354,96.45882489596606,Sand Clay Loam,9.630423899117629,21.671116335542525,83.99703550147854,1
126,Cabbage,6.118423732032963,304.37645117035,133.71565560595067,Well-drained,7.097643618264515,22.49565187164728,71.23469528745956,1
298,Capsicum,6.784564097670676,261.2003645065136,61.43293929940784,Clay,9.97121144458166,29.286152243817007,67.73407936467088,0
281,Cabbage,6.667724457448171,255.27919119378487,83.41942331293743,Well-drained,13.379087970229628,26.006456239972124,71.66456565462214,0
266,Tomato,6.808193800078986,353.63438373869013,99.2013707352663,Clay,9.845458007919778,24.848709135406857,84.02151974547242,0
32,Capsicum,6.549944783613948,323.91010197795663,59.73353652735725,Well-drained,9.48087405611372,26.041801826032444,62.97435060807306,1
233,Capsicum,6.791461352182303,291.6456509298698,69.17560478966224,Clay Loam,9.172218766204844,35.48834763949732,69.03359084737778,0
172,Capsicum,4.693377209992786,387.4506965198024,67.7260045541045,Loamy Soil,9.814419953790306,31.680920518087856,69.9294037620009,0
4,Capsicum,6.056210233006029,342.962555609646,68.04673543899646,Well-drained,11.52370431225336,31.641106550664745,76.45051141373342,1
201,Brinjal,6.518229869970019,390.7807008162447,70.48532682021356,Clay Loam,10.845926495872131,37.5125023049234,61.953427788964746,0
268,Bean,6.666941843109495,83.48832939659533,76.80014105281914,Sand Clay Loam,9.584727638176163,26.863757538535538,75.78738231233265,0
184,Bean,6.959337341921182,159.03924111958293,9.944888008337877,Sand Clay Loam,9.24789813424144,27.2425983450996,76.47649144509987,0
156,Brinjal,6.719133589301875,376.0987477336614,52.06374167775766,Loamy Soil,9.534112822377953,33.275380749906006,87.4945253063254,0
159,Cabbage,6.880133299262991,278.68948154569966,111.58285326550158,Sand Clay Loam,8.6252740880646,29.851578757087065,76.10863195003044,0
161,Brinjal,6.814373539116898,276.8067227363504,24.56326659361029,Loamy Soil,10.434097977455508,31.18631785273754,78.2681107756962,0
123,Cabbage,6.9456851969198,260.012671331606,116.13610229094552,Loamy Soil,7.251972624043644,20.510329386624782,72.63059326812734,0
202,Cabbage,6.674548628347658,198.2949440887939,85.80972384974925,Loamy Soil,7.710220341038164,23.648774726579823,83.25922069006417,0
261,Cabbage,6.18632569863705,315.6528710338428,114.1207592233196,Sand Clay Loam,8.924168200862823,31.597502010020584,74.56428033043922,0
280,Bean,6.3650653756382765,150.9678733198329,13.50870060874531,Well-drained,8.704510983876125,25.36004529876926,76.99381662221874,0
121,Cabbage,6.687681256379142,310.62282842207406,142.09912794641633,Well-drained,9.97207439697292,26.8441380091802,70.18294594305472,0
250,Cabbage,5.3423793092576455,349.0773254217376,75.75153556985002,Loamy Soil,9.235323436839463,21.852498586528647,77.32581370164577,0
185,Brinjal,6.754974072623047,222.74960314799284,72.01837986439115,Well-drained,16.695183726417106,29.021374366072024,75.35409530992881,0
232,Capsicum,6.511849882585134,341.1838575806979,74.51658292532467,Loamy Soil,11.825895001144165,34.66325382398951,64.65861876555643,0
174,Brinjal,6.428757249039478,139.59398994949737,58.641259567899866,Well-drained,9.061673961721477,27.53754936010744,67.40908454456877,0
243,Tomato,6.6688926522051775,364.864034557704,85.31588364859076,Well-drained,9.09446907416812,26.24984636072681,88.6073679406314,0
234,Bean,5.287197717365632,149.48645385766218,63.75359015290624,Sand Clay Loam,8.521067981541439,27.613160414785,68.47657219250561,0
35,Capsicum,6.406297363900227,266.68337890415006,73.08939041118248,Clay Loam,8.253502375852333,28.47431744678906,79.18532208342035,1
80,Cabbage,6.884854863423841,294.69455563958843,122.62002725635196,Sand Clay Loam,9.369853850163594,22.847959517037285,79.48877194432217,0
282,Cabbage,6.608181533378145,349.20822334863107,106.22944544400352,Well-drained,13.360140318684218,22.15724511226552,72.70917553196625,0
164,Cabbage,6.670895475234628,173.09077958471144,116.6372926357198,Sand Clay Loam,8.538192272585812,25.42627930692652,80.28199920242501,0
179,Bean,6.151449149598642,151.88040669533527,4.500361352986003,Well-drained,8.917109478630545,29.20575796556442,80.12234813709404,0
54,Bean,6.43032984803321,154.26119205410262,50.62789315732611,Well-drained,8.522841150041087,28.23426145592167,73.82254249486081,1
95,Bean,6.9489370389298735,152.04572397640158,65.15594201165042,Loamy Soil,8.783707640672958,23.038734422712302,75.55677386986838,0
5,Capsicum,6.285710655085249,330.33157713239143,73.30628457657258,Loamy Soil,8.879303104837689,30.4650986158982,72.24636822908347,1
137,Cabbage,6.994418346918119,310.2823466509536,132.41417425067243,Loamy Soil,8.367426625657826,26.83038111532561,70.39134603355843,0
110,Cabbage,6.452534408839872,300.923059644864,124.23723008152498,Sand Clay Loam,8.843582059551414,27.687534051529926,78.64796683051883,1
154,Cabbage,5.202240252751414,269.1336625527562,141.21325171103268,Well-drained,9.375902379257516,21.046698938983727,77.75262273375847,0
286,Capsicum,6.412614644177602,142.61880288707948,66.98032222534974,Well-drained,8.880683764661033,31.3560858134238,75.4925229984836,0
141,Tomato,6.358741944248754,385.583215360443,69.27201535235746,Clay Loam,9.807746715496686,27.56274269729164,75.53316553071043,1
111,Brinjal,6.115100702630114,273.490103569352,71.79083323737792,Well-drained,11.589392460589076,30.716317308673204,84.4170726682539,0
114,Capsicum,6.410388861713503,323.0827290793011,57.24261191817097,Loamy Soil,11.667792738919882,28.656433726681072,73.67469340872782,1
193,Cabbage,4.595235803428605,326.8239150262787,94.57465564795864,Loamy Soil,8.960000359923953,23.107495582914,74.25764698848893,0
17,Brinjal,6.985527493179337,381.51786555738,58.24116916764204,Clay Loam,9.898498995628437,28.31788993788588,79.68398678881898,0
90,Cabbage,6.85339726486457,318.4844071062116,118.96687922386704,Sand Clay Loam,9.077559300597756,22.65826188689875,75.03739084756513,0
212,Bean,6.210669508221004,192.936809253962,42.93240586183274,Clay,9.06143906124535,26.802373287246034,72.68962775946281,0
69,Brinjal,6.36604807936584,224.65064818760968,50.07507935308403,Well-drained,10.801135410204848,30.78908094476279,64.86618240670178,0
178,Tomato,4.635697217008669,270.53869974262625,74.06226833633403,Sandy Loam,9.746627622086132,27.501383866625048,79.04571214646052,0
293,Capsicum,4.570999819132653,322.74764950571966,55.23975084091501,Loamy Soil,8.516769210548562,28.12846419109674,66.04173289400221,0
139,Cabbage,6.973891668476721,339.35151217239127,93.80493444006278,Well-drained,7.831115556726422,23.1492399846397,82.63070451945524,0
77,Cabbage,6.312963600366551,333.7886459804053,128.37016348362815,Well-drained,9.96758233359669,20.45399316109673,79.93864507634017,1
79,Tomato,6.586065209975536,313.528936603261,70.53581752605434,Sandy Loam,9.302730386523674,26.41515607957156,70.4001835130257,1
117,Bean,6.619425392889709,142.48698959842298,41.008269666558185,Loamy Soil,8.704460078881063,28.06310189269392,67.96457067927342,0
122,Brinjal,6.554186149432628,271.4325532935245,52.75297366361994,Clay Loam,10.388578080513856,33.41804907212814,78.51485297683331,0
208,Brinjal,6.096803467970512,113.90684098617348,63.26905577743127,Well-drained,8.533433655366197,31.73854615120415,64.43350015551522,0
256,Brinjal,6.886713606788889,146.8959677275277,68.78088459475018,Clay Loam,11.984021606813418,31.44907358071824,70.85437073203457,0
23,Tomato,6.5334255140228805,389.2120673345202,99.7799859069988,Clay Loam,8.732897471482582,25.94247424515157,84.93291564786415,1
214,Capsicum,6.46514537000611,385.0395670314477,60.78828616219674,Loamy Soil,11.401988490600091,33.69183518535157,73.62470720507268,0
217,Cabbage,6.60230576466805,167.96014788944734,93.21385560757868,Well-drained,7.005751439475349,22.510095086074244,73.65970740010326,0
81,Cabbage,6.8204120162154585,327.5958159489873,105.38133412012074,Well-drained,8.28004893035458,24.22314676100977,82.36035322873772,0
188,Cabbage,6.524412642099598,294.40995317741306,44.47167292436719,Sand Clay Loam,8.967195957988269,26.80423542885093,71.68851935390414,0
206,Bean,6.598885180376988,54.16144516226109,67.33991817237283,Sand Clay Loam,8.147745644410632,25.43784500299501,65.87161228812185,0
43,Cabbage,6.536708982918414,305.7484886674691,94.7185897057794,Loamy Soil,7.425422503430052,23.525949100060952,70.59289282021817,0
253,Capsicum,6.465256508550116,366.02950203081366,22.482580699945,Well-drained,11.749288392546744,25.324591056007502,73.17491036003901,0
45,Cabbage,6.736019424615941,259.3711872260481,81.8495173128146,Well-drained,8.964503654580712,23.332991158605644,78.7574943204796,0
155,Bean,6.630916001910196,138.60937611653793,70.70642097920712,Well-drained,9.994129071545473,29.98808050727815,89.81633796525614,0
229,Brinjal,6.1133931230006135,383.9325158675508,63.19073068593715,Well-drained,8.579753936949686,29.87495424466295,91.65427958056564,0
84,Brinjal,6.617784691050431,313.47189503988113,59.87511959684281,Clay Loam,9.304505938309044,29.43859040651286,66.68144625068518,0
25,Tomato,6.624290018158792,312.19699321857905,85.32026732123293,Clay Loam,10.734955519014806,27.748020760614573,81.58159983844055,1
177,Tomato,6.843421107153193,132.92098097532872,90.53785183599834,Well-drained,8.882411625442394,25.24312667266177,83.518010384704,0
128,Brinjal,6.382854579349746,255.41991955520697,63.08717202810882,Well-drained,10.714099412079564,32.81597455637593,71.97166745077179,0
49,Cabbage,6.231966981794443,273.5307413433188,133.4553409598425,Sand Clay Loam,7.068444078621548,20.77531822831567,82.163933075618,1
225,Capsicum,6.580064360025298,346.1225759241467,54.70439524499642,Loamy Soil,14.6449920423175,25.37279132877957,67.95518349866646,0
16,Bean,6.524345654713192,152.35904595561323,78.79838125981557,Well-drained,8.09583582961391,28.15069206421765,77.71313093456214,0
279,Cabbage,6.388390702468394,344.15517708860943,46.671994427105616,Well-drained,7.219335248453759,22.27537717596948,80.57017569396966,0
8,Tomato,6.071427636634994,361.3936972715591,99.4645857829414,Well-drained,11.70459716164239,24.484916987239227,81.14892871697148,1
9,Brinjal,6.132503760328334,336.5067770369752,50.7057485589057,Well-drained,8.336799258153082,29.069627865125085,62.01571364838089,0
242,Brinjal,6.637861786785751,244.921092722136,71.74569306489721,Clay Loam,13.126232316829253,34.62031108795476,71.99666599259416,0
219,Cabbage,6.744496259637598,281.303117059824,146.961730209748,Sand Clay Loam,7.3420569621359295,25.96290250584176,88.49366732678173,0
259,Capsicum,6.903528419214459,387.3228369546503,28.826597160985315,Clay Loam,10.016558584934945,25.03426483990729,68.53244953954795,0
240,Bean,6.6491809584642665,199.33144539878103,12.081528759398024,Sand Clay Loam,8.074990129874845,28.72238206206144,84.40144630790503,0
228,Capsicum,6.39737689114244,359.67439139430184,20.67425189592233,Clay Loam,9.216681580133386,25.524235654131942,67.47758823011793,0
264,Capsicum,6.755090921990735,121.85838682260936,50.3954505746172,Clay Loam,11.568862123468652,25.517151834314173,71.26295492653776,0
176,Bean,6.288667002330042,166.1158964373575,61.837677165705855,Loamy Soil,11.048141503445892,29.393216375095463,77.68495286264321,0
140,Capsicum,6.246717027255601,257.16942787648026,68.43581488019527,Loamy Soil,11.086624487950733,26.313764099557773,64.58662948849684,1
78,Cabbage,6.627979202550282,286.9985114855941,149.83969104947568,Well-drained,9.693185233032782,26.437205867805044,82.58115143889589,0
18,Tomato,6.47503671200548,319.42256020677604,68.99865594438933,Sandy Loam,8.99039833321461,27.38395580934918,84.50666592788343,1
36,Brinjal,6.489861424221431,261.09996779289486,79.8302062131969,Well-drained,11.18688387882296,31.518438317766066,62.039094035230015,0
283,Brinjal,6.100848054070719,372.9448493257648,71.19270199472622,Loamy Soil,10.63459072522667,28.10176847412216,90.29858556678876,0
297,Capsicum,6.274150268108525,378.25760763487705,28.30559482475228,Clay Loam,10.967796170907198,28.492769675723075,74.51546151751046,0
76,Brinjal,6.150943343949195,384.3174240318151,56.88201414886242,Loamy Soil,10.104211362680864,33.039203486311415,61.73864153341948,0
255,Brinjal,6.195954172240462,287.3885979900399,75.55535136918128,Clay Loam,8.871263487216442,30.744275794944155,94.55291947406045,0
149,Brinjal,6.602615362782277,288.260164717056,76.69357971261846,Well-drained,11.232489490231302,34.6489910927189,61.002212602486686,0
70,Brinjal,6.0662937247559485,353.31941405045643,57.46886511702704,Loamy Soil,8.604712489781138,28.83166451081426,83.63002053251904,0
146,Cabbage,6.103996156657065,295.2019566276528,93.99849463673196,Sand Clay Loam,9.10145841937991,23.07587171061152,79.477452028192,1
248,Capsicum,6.268919065157692,351.24517689264854,59.34711785266008,Clay,11.771900944785957,31.107375871034435,80.44122040414864,0
189,Capsicum,6.2571444564707095,297.91668977274827,62.29284908415894,Well-drained,10.259081557955817,30.42105362138429,94.8686359891178,0
37,Capsicum,6.764158544040386,399.0844186303885,69.77958297184941,Loamy Soil,9.039997601645783,27.711748987461363,82.03861970709815,1
173,Tomato,6.290435005314502,376.94582178267655,56.77395642580103,Clay Loam,10.34875573062484,31.49851055916688,82.81283166055074,0
67,Bean,6.914984460936377,168.38712238045238,76.12982734060002,Well-drained,9.766970425201794,27.33316276171164,68.03443779001633,0
102,Bean,6.603637668426154,146.40195553531396,68.34181377429192,Sand Clay Loam,8.850288801539708,26.27281738260896,70.78675517796015,0
195,Capsicum,6.788436607173563,390.24517800745554,59.25626580567242,Clay,10.114116362592382,30.50880540748221,80.57619942814495,0
235,Tomato,6.595057963557644,329.6378027063159,96.92473632848476,Clay Loam,9.976466443355182,30.64776502743927,71.6784904990819,0
83,Tomato,6.814808710354492,287.1241357799039,91.05454706852969,Sandy Loam,8.907969813712475,26.530851115327348,77.13679481624295,1
287,Capsicum,4.890228416129227,382.7064877412233,60.7576724561402,Well-drained,11.984939774236068,25.67893841745192,74.02240563965933,0
175,Brinjal,6.419215555075885,377.27782021845087,73.23257454727273,Loamy Soil,13.12383974594152,28.6997089129394,75.37709740943961,0
170,Cabbage,4.860460198850688,294.9117644589487,95.40280519094526,Sand Clay Loam,9.180770326145756,19.92816741729091,83.0998124508121,0
169,Cabbage,6.467918515159468,260.2066897987541,118.32943882143944,Well-drained,9.427959494416314,30.97142951103112,73.2537200908562,0
285,Cabbage,5.402926569687473,256.81935681981463,95.45297624242846,Sand Clay Loam,7.655407780937809,20.14714235038222,70.42033298819231,0
203,Bean,6.905993735258681,174.43621337793104,63.71409268160247,Sand Clay Loam,13.418882896524094,25.97839299756533,75.7382974103962,0
31,Brinjal,6.007447562299811,298.1634142372585,68.86026846686994,Loamy Soil,9.092562373339272,27.92010650928595,69.10470725777378,0
88,Capsicum,6.8649099788966135,372.167160664713,67.68880638368319,Well-drained,11.72240724849463,29.55946654226373,67.71923011221317,1
269,Capsicum,6.4915363443688525,268.7553351611164,76.18347831942235,Well-drained,16.247048285413886,26.69268756361569,60.62838944555156,0
218,Tomato,6.8770018124463,347.4668623694717,82.37831332092361,Clay,8.695827854856573,25.57683263383938,81.38940425873574,0
198,Bean,6.57049800573829,129.24818206225245,46.361273100758254,Well-drained,11.03544173331958,24.101629952077968,66.97472839921464,0
57,Brinjal,6.821590897926114,388.3284702422105,56.58088826629524,Loamy Soil,11.597776895318887,33.962781780431115,78.61640103636928,0
148,Brinjal,6.647093576123315,311.4880108069987,55.78527113486887,Well-drained,11.327420873936992,33.60528586553393,69.01332125281728,0
199,Capsicum,6.1082595407266105,359.7909419334058,76.13650388208433,Clay,8.039405689445863,31.74029500469256,83.91151880880145,0
42,Brinjal,6.395095723446859,230.20308905990672,54.23958120346186,Clay Loam,11.565031739921157,33.282825846919415,64.0226060835113,0
127,Tomato,6.191536860820632,254.86647749350365,88.33164638222343,Well-drained,10.702203749372885,24.28179936620225,73.26893921791768,1
209,Bean,6.824289560387093,177.4673428630825,45.21378689322282,Well-drained,9.04197957862197,23.353666949129146,89.21672825058275,0
288,Capsicum,6.673058694998295,250.70094008395608,63.73919000904503,Clay,10.680568526475517,28.17654362336803,81.79611199730769,0
224,Tomato,6.825313348031429,321.98639119503105,85.72615024056427,Well-drained,11.315170024926497,27.2942108604703,91.20782448623368,0
249,Capsicum,6.976157943414397,362.8367029840915,73.42473711341195,Well-drained,11.353946825209144,34.04672300201766,78.58896993834742,0
237,Cabbage,6.633574854362433,163.46197763635476,121.30654953331084,Sand Clay Loam,9.504882494171683,26.867195410168577,74.83668815913765,0
166,Brinjal,6.320450037830018,238.8227262122627,75.65895203776691,Loamy Soil,8.219943994707089,29.63490562152757,87.61952252385437,0
51,Tomato,6.127029508865704,284.35993133028336,97.79069549457202,Clay Loam,9.20393279383833,24.59496868000363,84.81812308248894,1
244,Capsicum,6.678593209131508,352.68965099187085,55.75466658137508,Loamy Soil,11.26577750204688,30.03270870577036,87.40656813632702,0
180,Bean,6.372075049952468,155.9211439773906,12.53043164672754,Sand Clay Loam,8.26147194576842,27.808155831817214,76.76072188825071,0
29,Cabbage,6.286092748046398,281.222956258816,92.93414773547347,Sand Clay Loam,9.2439760433087,21.079551280282136,71.58627716326379,1
106,Capsicum,6.040596884301125,257.8571723048595,54.24013592666999,Loamy Soil,10.096483531737851,30.767554531411307,71.64395853867755,1
118,Brinjal,6.310873224705001,263.4896152868016,78.98931113042231,Clay Loam,10.282708096198451,31.350069822702515,62.60798315925918,0
94,Cabbage,6.40275271917638,284.0378955343285,111.13410202476322,Loamy Soil,8.926803133720226,21.643853046882555,79.78078140536446,1
124,Bean,6.022474990595461,154.6702511999855,77.33167412347707,Well-drained,8.45065075972672,29.41161629063432,69.00272608412027,1
254,Tomato,6.083663901652229,371.774889471594,66.20354632584454,Clay Loam,15.667564450856752,27.29231680015777,73.60397505624464,0
61,Brinjal,6.337524712406671,316.4929109266651,70.48549680950201,Well-drained,8.198362702605555,31.42315721759637,83.89071632190137,0
165,Bean,6.512499009895223,195.9465486464317,67.87433129908553,Loamy Soil,12.296729967719797,24.12256600769447,83.17517243888011,0
246,Brinjal,4.676676462290426,252.6359837194356,58.420911545244266,Well-drained,11.0658355131417,34.360552924128015,83.07929805547408,0
7,Capsicum,6.21211586306352,366.6097381832721,78.36113306182243,Clay Loam,10.50086002737741,25.81909424427004,78.19644938268608,1
284,Bean,6.402713942433803,194.6764534084035,42.838322356351306,Clay,8.13094636419135,25.87171033630455,77.55835682341038,0
181,Cabbage,5.37649638883293,326.9333249539578,148.48382754063255,Sand Clay Loam,9.996360896122749,23.24576729885722,71.2846965791106,0
247,Capsicum,6.338553150741968,272.7228803950534,58.909619846920194,Well-drained,8.83074049375958,36.26131336898849,62.18764628696638,0
97,Capsicum,6.922997262194841,326.1854568587106,54.07703685291568,Well-drained,9.925968373981902,28.62682845341344,62.19248535806392,1
238,Brinjal,6.633615053711599,141.36787201187826,78.40532821361563,Well-drained,9.402601183115578,30.28174990196952,69.36800670414449,0
205,Brinjal,6.63086650097663,385.756917852086,13.802563212116592,Well-drained,8.88575053632413,30.198109533728108,72.09181167725464,0
216,Capsicum,6.408005478657487,392.011833664276,76.18121712509954,Loamy Soil,10.678946301970972,33.13205520892068,68.77459026889777,0
46,Brinjal,6.960762662477877,251.40132169964244,60.507832074956895,Loamy Soil,10.806307566520507,30.70795472434905,73.06858458013748,0
41,Cabbage,6.286684712660881,270.7799073908213,112.05715104029196,Well-drained,7.304856854937626,21.945804047375184,71.85917101941261,1
182,Bean,6.985301785060283,181.5653324718025,64.1980497039539,Well-drained,14.541780261170796,29.945067252535225,72.35243586970952,0
292,Bean,6.087666182189933,84.19738637237973,66.2310837716065,Sand Clay Loam,9.490248780856168,29.26180004688231,65.48218463289646,0
145,Cabbage,6.200171136293418,266.099344346606,82.57769307330369,Well-drained,8.346919876753178,27.97926476118328,78.33017016482462,1
92,Tomato,6.267889315880004,336.85564446658947,93.04484258693182,Sandy Loam,9.847548421154634,25.704527672391045,80.92142376037974,1
44,Bean,6.661895114311731,181.96917452350667,55.58141641535588,Loamy Soil,8.663908484250541,24.397668707751176,80.48069527296236,0
222,Brinjal,4.922846001812937,219.9250596439012,70.63127014639073,Loamy Soil,9.572691368352494,30.39726907470304,64.75210571821653,0
120,Tomato,6.674179127594271,387.47725660171,63.53244592036869,Well-drained,8.41838112035641,25.03367500767036,75.66223805767677,1
93,Bean,6.181625127735554,162.64795824251945,78.1206123537112,Loamy Soil,9.121665870477148,26.71087179960785,67.58833417942165,1
39,Brinjal,6.579704731767661,339.8533460565791,73.94625324348411,Clay Loam,9.245583302729804,29.024984770503465,67.23872503435335,0
300,Bean,6.92695136280401,128.16890004396578,76.17810588922521,Well-drained,9.862356032798672,34.50915603343833,77.18623323844334,0
204,Tomato,6.830948523830205,266.37654687834964,11.961041256427563,Well-drained,10.83561732373595,26.38602869376738,76.70026628328601,0
130,Brinjal,6.106613322174511,286.17350746814475,60.43127470694812,Loamy Soil,11.339292860836672,30.18332455931195,82.62145661134421,0
294,Cabbage,6.408849525103191,312.0084997243796,103.6662839501136,Sand Clay Loam,8.951722093832364,30.939045788825464,84.44025808820629,0
74,Tomato,6.045993628614751,320.9961304799898,65.02722994396174,Clay Loam,8.124732187865563,27.78613952844213,82.52950323693968,1
263,Cabbage,6.832300544434608,310.180385970066,105.70823962437083,Sand Clay Loam,7.451915961916407,32.86155021366326,81.71981660290699,0
277,Bean,6.389200745870421,156.75266194231494,16.359248848919577,Well-drained,8.210322795450427,28.25697562653674,77.58769016599746,0
104,Capsicum,6.472977876682388,266.97213367154103,78.94118096014475,Loamy Soil,9.204663703252718,29.03747614863176,80.74904475810244,1
65,Cabbage,6.729689114845124,300.75435572027686,88.73470173833543,Loamy Soil,7.079667738653845,27.13083360315241,80.89660417192171,0
239,Capsicum,4.6225132995160605,254.9350233288212,54.49404790204281,Loamy Soil,11.08036711807565,27.99881877648428,66.90736333487773,0
14,Tomato,6.210565715502523,272.48609417618206,86.37127842461669,Well-drained,8.72983565612012,26.8374632732637,77.73527407602398,1
91,Capsicum,6.930433928003467,276.2966502350247,65.61702825302197,Loamy Soil,8.426051531085879,28.338437626360943,67.28279935424128,1
68,Cabbage,6.836721000318393,287.9644746115713,124.45947369764389,Well-drained,7.312825147702538,25.3875986139958,70.86358528081713,0
183,Bean,6.748077281357838,97.03590214562958,48.25754363190698,Loamy Soil,8.695863697603698,27.4647977335394,75.81686270865038,0
105,Tomato,6.582940553895053,272.3912807247197,93.91194185516298,Well-drained,9.428717878388058,27.73527197198917,74.50938772204573,1
191,Cabbage,6.161716684169491,274.5216938441605,42.95459009110141,Well-drained,7.917608383417854,21.70565559421837,78.21155679134495,0
223,Cabbage,6.8744379547629055,250.2163743513842,47.31938471748725,Loamy Soil,7.478962079139132,23.056254567727954,79.65029459955153,0
138,Tomato,6.435656219283152,273.6852589881517,92.84306435645932,Clay Loam,8.23670005287643,24.729278722545946,70.00510585231675,1
98,Bean,6.140955121801721,186.196434730949,41.63290305578175,Sand Clay Loam,9.709151308519198,28.975376097246663,66.14147043269196,1
150,Tomato,6.703433906501426,326.39051953075574,60.88918974217335,Clay Loam,8.818975665848994,26.64332502235907,72.88855858841258,1
115,Capsicum,6.693150677470386,297.93540030521496,50.56143347547107,Clay Loam,11.744014273082673,27.658992991742902,74.14332260966391,1
75,Cabbage,6.0671597003250985,281.008480052863,89.48877120243345,Well-drained,8.817113319522957,27.67349236774161,76.05360602690384,1
210,Bean,6.835350038920461,154.23379056926308,72.22585487372127,Well-drained,8.91027102779432,32.40216379177957,71.92041841947179,0
290,Bean,6.965034391170782,156.68062803075725,41.286723614957424,Loamy Soil,8.34863892001104,34.18714380919618,77.7510199443993,0
62,Capsicum,6.77616212905853,386.5095372825032,74.10944888165093,Clay Loam,11.043048114266842,28.76055808726272,82.17462808601434,1
3,Capsicum,6.626003703133072,358.6914439394599,72.50794597449216,Well-drained,8.13401419309491,28.39873595115324,84.34084755095327,1
72,Capsicum,6.112471654275747,386.4446489429325,64.05327594885752,Loamy Soil,10.76917044246662,26.66644155692088,74.49760128503353,1
262,Capsicum,6.96789432490829,117.05608341859455,79.44030833106726,Loamy Soil,10.189560432968747,26.120902009172426,84.13958723493667,0
26,Tomato,6.443794137787156,303.8680647947537,57.26802864137562,Sandy Loam,11.151028904427688,27.42185653421816,78.11900373672634,1
251,Tomato,6.047591233492916,283.87080334686834,63.45232655106261,Clay,9.438230986229666,26.79183560002369,77.31454877739392,0
135,Capsicum,6.044143068998405,316.0746474616899,65.46301737744619,Loamy Soil,10.718804872431985,27.54853793484631,67.34168648412137,1
160,Brinjal,6.945772351446037,226.2922816771712,13.569867082599895,Loamy Soil,10.798543819049666,29.885419582995684,69.6143335098482,0
1,Capsicum,6.183549493218997,317.6128431812685,70.54133543110177,Clay Loam,8.758352709830524,29.50505743886404,83.2442654066429,1
260,Cabbage,6.453724548225556,183.6257478586383,143.56245372347496,Well-drained,8.377745333851925,22.85456809239617,77.70046622289149,0
59,Bean,6.738545253764928,125.14665020745647,56.01779317473628,Well-drained,8.17147424920872,23.8039637369598,77.90371698895187,0
85,Cabbage,6.717812321059849,262.4337007108039,94.37643331750738,Well-drained,9.390451002034595,23.83461909608765,80.1152797999049,0
33,Cabbage,6.5402615691676695,344.7727494808741,149.05371856810285,Well-drained,8.56329308078188,20.179606172447613,79.93645091844914,0
89,Capsicum,6.199456071007195,367.31334078884447,71.8802565098991,Loamy Soil,10.404125778156477,29.76685246409682,81.74633197933647,1
48,Capsicum,6.0700268689646375,272.7626209543865,54.31609360912146,Clay Loam,8.620551682773376,27.898220780782378,63.13543004481311,1
19,Cabbage,6.321152792380426,266.41428143311305,148.72451275880456,Well-drained,8.239299856317956,26.56861875500338,73.81757273587824,1
28,Tomato,6.856116111404351,320.67910491019546,54.78298753247082,Sandy Loam,9.11398044984519,27.1776484488876,81.8962430240522,1
151,Bean,6.646908076254922,181.34419828318943,53.04927630556144,Loamy Soil,11.10253672784887,29.56345327999115,74.67993948198776,0
56,Tomato,6.905871234496342,263.4884503363874,76.66726026715801,Well-drained,11.923718694403172,24.91390381259584,83.31488309854795,1
152,Bean,6.611398542664055,199.63072085776608,46.94424682503504,Loamy Soil,9.974322322694476,33.984226287296266,69.84192390378749,0
20,Cabbage,6.720318374948732,250.1866074566462,118.66285898860272,Well-drained,9.352621284112075,23.062722041093465,71.30823726260238,0
58,Brinjal,6.880269761268824,316.010738854471,77.81849014331712,Loamy Soil,10.216881869588535,31.930780147398387,67.42190684713552,0
112,Bean,6.050596930371919,149.11838114953036,54.72805005630906,Loamy Soil,8.215863277992899,24.640809007079568,68.47560557289549,1
12,Bean,6.268815450717077,130.84197824026177,49.85891909126032,Loamy Soil,9.473523854890397,25.625767214498588,82.69982462339482,1
143,Capsicum,6.268687760982244,286.5905818590266,51.77622166696289,Clay Loam,8.19413641099256,29.021236937713383,79.35736489433572,1
200,Brinjal,4.689318766422394,280.0668307653715,75.56438742613673,Well-drained,11.691549300067052,32.592941925455904,61.50497285199003,0
142,Bean,6.908993130254967,180.11500802888256,49.50082597622301,Well-drained,8.144159698503811,23.46352646343449,81.74501589017706,0
147,Cabbage,6.474158269941743,328.7395425646701,109.18678811517826,Sand Clay Loam,7.755722425393996,20.366497194968808,82.53816887039763,1
108,Cabbage,6.748296201136131,331.3929795041779,78.03330765956055,Well-drained,8.83349429020648,27.82128552781308,70.03139036763399,0
116,Bean,6.84770065784305,141.1869062538495,75.4414178154924,Sand Clay Loam,8.754009274431624,24.74811084082283,68.15118396805228,0
270,Bean,6.033606185718771,198.0926106855588,47.63128293719093,Sand Clay Loam,9.405850003057871,22.680616193434467,90.57035453948347,0
13,Bean,6.610963922249891,169.82599212082,53.581918606929975,Sand Clay Loam,8.064876368080656,26.37990133461808,82.33051642639529,0
276,Tomato,6.999537155492392,384.78834192201873,69.3752438646195,Clay Loam,14.101460851612613,26.348130813066327,83.08272361411859,0
168,Bean,6.778280547689465,133.82694317793354,15.92714888554837,Sand Clay Loam,9.979456520099278,25.62609344751192,72.47739558610377,0
153,Brinjal,6.495699442772882,254.8832997917756,69.50723673709521,Loamy Soil,9.607278553111492,37.77581715840283,77.8147656054244,0
171,Brinjal,6.438572117167491,398.9461945095569,74.02227186392005,Clay,11.528261925908527,32.55117669142637,62.91962189600389,0
55,Brinjal,6.555341802999584,243.76900433438703,75.0240229433659,Well-drained,11.400496248013653,34.10067940698646,63.42077922043763,0
50,Cabbage,6.858425049425829,279.46299861621947,102.7917260562811,Sand Clay Loam,7.699586549106836,23.4276534467044,73.32863761564522,0
131,Bean,6.630062047895135,172.8164109542317,52.26875208712333,Sand Clay Loam,9.396492310045684,29.829570193547973,70.45527005898842,0
52,Tomato,6.5691034868812,290.93884277829045,51.819267384045865,Clay Loam,11.648319678135664,25.81062098302504,78.23354170048887,1
301,Bean,6.133401797555784,190.53849544228154,33.37292693552043,Loamy Soil,6.544495580080245,21.729921425462972,65.2418014886412,1
302,Capsicum,6.395982543317748,166.92425455371207,36.16955344805178,Loamy Soil,9.184868373485392,26.683708342281793,62.24160155959854,1
303,Cabbage,6.133553291959405,230.45381240888082,37.991714451632525,Clay Soil,6.505826938810055,19.190122847219016,54.93665072692727,1
304,Capsicum,6.2498090184743,209.39634307721616,59.01890704636291,Well-drained,7.108276310816074,25.275566488042855,61.293105236536086,1
305,Capsicum,6.517555099260781,160.10434894032306,35.306375259871004,Well-drained,8.387256833806788,26.725014259756076,69.42135464883462,1
306,Capsicum,5.721853993091021,159.48590337435988,51.09970045126114,Loamy Soil,8.973502718652377,22.433060646591983,60.42139685473378,1
307,Capsicum,5.778407032412098,151.81664950532118,81.41539542641765,Loamy Soil,7.681922837358481,21.133091594339522,68.13314083188013,1
308,Capsicum,5.731405822901784,260.7622524125505,58.807140852316024,Loamy Soil,9.920887781342827,24.299851526199664,61.28136832622895,1
309,Cabbage,6.069045324958095,327.14020001762054,84.85548813380152,Clay Soil,8.880218299124175,18.69880022853627,50.25226808452636,1
310,Tomato,7.197385757725607,345.19658280541626,31.003391039805884,Loamy Soil,9.17049722042794,24.127862112650472,66.3358630637981,1
311,Tomato,5.884167152091805,235.52486572768402,52.98843859300553,Loamy Soil,10.51642942472977,21.47501943568824,74.29470392814132,1
312,Cabbage,6.341455170229134,254.92620968871233,83.67231555259643,Clay Soil,9.657138161686795,18.5280269478267,63.79953333058289,1
313,Tomato,6.720208368434762,301.8005874584133,58.77364302791571,Loamy Soil,8.230436621641797,22.237018054498215,73.98324597517976,1
314,Cabbage,6.36586163498771,280.7735493130337,99.78464704658418,Well-drained,7.498059686179589,22.664185954037627,68.68168743366796,1
315,Capsicum,6.135702027682822,182.99872821715508,57.37811519874679,Well-drained,9.912468836690497,20.45911526934185,67.8471245263142,1
316,Tomato,6.643969850880826,231.64192064625627,42.964662425483326,Well-drained,10.728203111240044,22.759368720884595,67.58022561714148,1
317,Bean,5.983379695580535,195.58397507791142,33.04401520318274,Loamy Soil,8.728543988692353,19.773447576769744,58.96979389888648,1
318,Cabbage,6.4513658285253195,224.50150096480942,57.56195864403503,Well-drained,6.500670029346086,23.558454642024795,62.781235779438056,1
319,Tomato,6.065213231137376,378.7105059017859,54.1114427245965,Well-drained,8.31683687267442,25.651732728993096,74.26529741727121,1
320,Capsicum,6.214897131565778,173.65997611862716,33.47833095374516,Loamy Soil,9.199110788183464,24.520875011731466,71.59059507795071,1
321,Tomato,6.057026705775,396.59546505817013,23.36391546705795,Well-drained,8.923574848369803,22.300947526908356,74.12873451815382,1
322,Tomato,6.23340529537094,335.36358503274107,71.03104368364808,Well-drained,8.552461963286989,25.532372548163004,75.23686000143061,1
323,Cabbage,6.763295202479215,296.92536415348957,80.12547340166284,Clay Soil,7.815379138505268,21.767529112046525,67.32279340486565,1
324,Tomato,6.209806557828097,274.7994323575947,72.02093051677744,Loamy Soil,11.373744807604053,26.741419789284706,65.25654012290323,1
325,Bean,5.625532188395942,160.66586834378577,59.813209218368996,Loamy Soil,8.879223356706104,21.493076340927892,58.856881715417586,1
326,Tomato,5.5637926039068955,394.1401709261574,49.86306395809116,Well-drained,8.61667679019681,21.145064442957484,76.66107057043268,1
327,Bean,6.235503137143864,113.49650521671211,20.233778578437317,Loamy Soil,7.433579895490368,20.32974129707482,68.93082679875664,1
328,Bean,6.091004028264196,186.445826136531,33.37130880247569,Loamy Soil,9.84257469479494,19.74439526303889,56.80987923995268,1
329,Capsicum,6.273043724533184,250.50098581974788,70.46722723691954,Well-drained,9.336761408249235,22.229380603072315,61.21744917381085,1
330,Tomato,6.197288719697886,205.7029366622655,57.61895867300464,Well-drained,11.417054278458203,24.373565926075642,64.55882995377371,1
331,Capsicum,5.690610620530723,292.97558113863766,60.15331618823351,Well-drained,8.014576835259831,25.47841032072616,65.16159335201368,1
332,Capsicum,6.272075547955178,169.66610137521175,55.02907089327549,Well-drained,10.25874490776133,24.07043314759551,72.78488331622522,1
333,Bean,6.095328851736846,143.68262319703817,49.93711704236483,Loamy Soil,9.487935462848043,23.989460800054697,68.83016719385867,1
334,Cabbage,6.1950754412730795,332.4929842355647,77.6565550890312,Clay Soil,9.064590913632564,17.520734257251853,60.670246532975376,1
335,Capsicum,6.354043865159163,238.0713724682256,65.97631027962751,Well-drained,7.56903047671638,23.061339466720867,70.582471638294,1
336,Cabbage,6.576022005905305,237.51828243271626,26.69160275707254,Clay Soil,7.228124681395887,21.120900065172574,59.89966221303844,1
337,Capsicum,6.601162248626338,197.24071422046347,82.43237228413825,Loamy Soil,7.009544925710859,22.20061708149079,66.59520972570718,1
338,Capsicum,5.649506516103639,155.4144079918553,51.871224955070716,Loamy Soil,10.816030163374904,24.433397833821324,70.54481307824793,1
339,Bean,6.217785382679813,122.6853674063932,79.66513922059698,Loamy Soil,8.361736891668103,21.72877366462467,62.93373690670221,1
340,Cabbage,6.112134046204441,294.1908930793427,22.078382231589046,Well-drained,9.19558394665219,15.590813040545225,58.11613469379076,1
341,Cabbage,6.510793644699392,295.91035302216306,40.32473066070991,Clay Soil,8.545711422327184,19.91263636703046,67.65855863182064,1
342,Tomato,6.990425142870082,205.51898349525777,49.899368045043865,Loamy Soil,8.099692967150274,26.803930757790567,76.888546277947,1
343,Cabbage,6.232776125616918,248.04221431113876,40.27895380676373,Well-drained,7.643924377954217,21.340792058754722,65.9023089680826,1
344,Tomato,6.195970858473498,244.43822258245527,69.25066363252088,Loamy Soil,9.218642889431932,26.164984920350143,78.01444693949759,1
345,Tomato,7.202065871279332,328.7882821389254,64.31177543220355,Loamy Soil,10.091129315997005,26.243185513755286,64.9746853054759,1
346,Tomato,6.503643380534279,158.44478777691384,42.223476571319324,Loamy Soil,11.3914657281117,24.543878279702216,64.7900188341432,1
347,Bean,6.354856138478417,167.05528754238645,62.78535706982062,Loamy Soil,9.221560274737945,18.059807173777603,56.782201910605764,1
348,Capsicum,5.626437753878387,188.89425469707894,61.80481623862626,Loamy Soil,8.723359836455325,20.11354944983347,62.84714816764378,1
349,Cabbage,6.762237255467622,263.8692247632658,92.88394981091672,Well-drained,9.622646589097263,21.86158952620465,53.84892999909584,1
350,Cabbage,6.966029573303594,287.82525543478573,54.44704016692298,Well-drained,7.745458110581483,20.78720040304672,54.246652592555236,1
351,Capsicum,5.849850734131594,173.5009303717385,80.13384824625959,Well-drained,9.349695617499187,22.244941556251398,66.87825464541302,1
352,Tomato,5.706753143730927,151.93978730184054,44.78969106667217,Loamy Soil,9.117132098196445,25.83028524658848,67.6552073926886,1
353,Cabbage,6.178845238177097,223.94074043340646,54.2952092324813,Clay Soil,6.077487659291613,23.55496816788654,59.64013797632995,1
354,Bean,5.757213514581484,180.69731861202558,47.57218111255447,Loamy Soil,6.101448917277854,19.200814365075157,66.71862499197195,1
355,Cabbage,6.850960616475612,333.1126672204621,61.68533513063815,Clay Soil,8.14670150405108,17.372914770114157,55.17785039026756,1
356,Capsicum,6.6631906685947255,188.8806969445629,49.33326274641179,Well-drained,10.248213547198239,22.848219307304298,69.77359098241493,1
357,Bean,5.595130907096956,133.99059229832616,37.4145908217651,Loamy Soil,8.58532918864378,21.57418121171226,63.71793049536714,1
358,Cabbage,6.335806099129224,234.5468737474116,91.82097623189186,Well-drained,8.422017010005845,19.362908165993094,58.22576153684115,1
359,Capsicum,5.966689203537182,207.89607100500655,42.41628666090949,Well-drained,9.403500875409781,24.075494693516756,71.05489968517678,1
360,Bean,6.448465754369282,138.51213684046783,53.43652803042023,Loamy Soil,9.462725696288874,21.50116918575027,63.742951882739646,1
361,Capsicum,6.795598535243166,254.654041294605,35.570112941430885,Well-drained,9.337275884405296,20.8971537439836,64.48089201134448,1
362,Tomato,5.691116576913988,340.8069187011415,30.430876496469175,Well-drained,8.037635284220908,23.78815696893269,68.18286051837899,1
363,Capsicum,6.524961185003827,288.2989400649227,55.97047879321932,Well-drained,7.164419950856377,24.788275249986842,61.628013015372154,1
364,Cabbage,6.744652235640089,202.52501776044403,85.65173895990233,Clay Soil,9.283467160080203,23.806530205656944,60.714744707884236,1
365,Cabbage,6.617416876359129,216.63183369333584,36.3425292181013,Well-drained,6.5912851786230116,23.20203533613431,63.557260752720964,1
366,Tomato,6.28410672385774,162.10100884092404,41.06391678133009,Well-drained,11.063331085371031,21.551931731915047,76.67850837608302,1
367,Capsicum,6.285030255303455,289.4561331422231,51.86352677008527,Loamy Soil,9.834469288600273,23.515559891016785,61.13108294043607,1
368,Tomato,7.356872929045267,235.67436260472977,66.30333102304259,Loamy Soil,10.79526561232529,24.103976742424525,66.75329932158769,1
369,Capsicum,6.746152592803508,231.6263450053473,83.67536555623909,Well-drained,7.690287874512722,20.652416593618938,65.9410046501124,1
370,Capsicum,6.450457005999629,175.89111821311033,60.46659933901903,Well-drained,7.335484572566834,21.013048992132344,70.63446915572567,1
371,Capsicum,5.712661551237717,227.19163740978615,39.29299768801857,Well-drained,8.458391394229402,22.071038363332875,72.48770399051925,1
372,Tomato,6.501590714758354,309.2409689946909,74.07046802502803,Loamy Soil,10.605430118506591,22.152640601061353,67.18327778010105,1
373,Capsicum,6.760055131548759,289.51385934701415,67.75787310086761,Well-drained,10.89222792196071,26.38246462806552,62.079574742750275,1
374,Cabbage,6.9129044447013435,221.35222409785598,58.68777267660317,Clay Soil,6.999415579457041,19.95452744956513,69.74393636392551,1
375,Cabbage,6.852925791047117,267.1716957767818,26.390897919016474,Clay Soil,6.321284491569063,23.32848751449444,60.06596574171708,1
376,Capsicum,5.687287725106161,284.40405828457665,53.50595523339022,Well-drained,9.530638837172711,25.99102577452753,73.27075248824602,1
377,Cabbage,6.3864943862097805,216.93634532890476,53.66135760575822,Well-drained,8.241675039471586,22.718268190811557,51.77495456496155,1
378,Bean,5.810240823540376,189.50435489938906,31.9541988813781,Loamy Soil,6.326126715174006,23.729252246857754,68.10314211327085,1
379,Bean,6.412875867747665,149.2824604588061,43.99210957699306,Loamy Soil,9.783534085182602,21.256808195413303,67.92842049703917,1
380,Cabbage,6.820432502286356,262.97170680624794,58.78032234040579,Clay Soil,8.487910951797371,19.079759052667885,52.52807303192065,1
381,Tomato,5.888965778148121,292.9487387397813,54.756072235169974,Loamy Soil,11.902038480742394,25.902838156573075,67.69539686651038,1
382,Cabbage,6.010679187300272,260.8882136431503,40.934468287433376,Well-drained,9.445016948454734,19.600914293495197,67.64130325379374,1
383,Capsicum,6.479169934962448,218.28575675325067,80.97447133629652,Loamy Soil,9.103343857430891,20.327764347364308,61.3774384600842,1
384,Bean,6.4031013636289345,175.95507092674302,61.784891829658605,Loamy Soil,8.482414790337433,19.37712746184178,61.145831840579284,1
385,Tomato,6.582201863264907,292.45475864575,45.84346364536609,Well-drained,11.652148532485342,21.687200851825718,72.40906032892958,1
386,Capsicum,5.843689371985451,200.52576095348041,72.27301825594165,Well-drained,9.415761210402895,24.828916500759284,74.32550487990257,1
387,Capsicum,6.690347331262768,249.43891678184156,55.10668036783443,Well-drained,7.235839922321994,21.6913568834123,70.99432909639441,1
388,Cabbage,6.9874057961253415,216.95064168163503,62.17303387073669,Clay Soil,7.387015199083537,23.596620088022675,60.790978197751244,1
389,Tomato,6.111007600664143,326.048692240964,65.53807988572561,Loamy Soil,9.097523232463413,25.35847484789256,69.13181625020988,1
390,Tomato,6.195294106335542,254.48212495639018,55.36104847890698,Well-drained,10.111083898086102,23.92335439028803,66.14535034761298,1
391,Bean,5.721182331335863,146.30900749656604,27.75753348310488,Loamy Soil,7.918550964914276,22.76669950704887,64.13079921487613,1
392,Tomato,6.836597335695943,264.43444882556855,63.07565131022401,Loamy Soil,11.473241049481565,26.18010721908431,61.815005790340834,1
393,Tomato,6.2928142948687915,312.484096475522,25.818793158829116,Loamy Soil,9.684658654136037,23.732984776603438,70.09753169330106,1
394,Capsicum,5.504625030888332,210.35561086021522,38.78944595478835,Loamy Soil,7.475749193488432,22.306844632624923,63.04483002518189,1
395,Capsicum,6.123595216126218,264.1826695518753,33.14969396560541,Loamy Soil,8.580468337611414,26.528312798082652,68.20917882968573,1
396,Tomato,5.949062586228388,359.22412683267515,32.98422633435317,Loamy Soil,8.415558064691341,24.13609264181452,75.64834441113248,1
397,Cabbage,6.224412324992874,258.5698371597991,45.446208755507726,Well-drained,9.37118348782802,22.47118448865124,61.08652755367064,1
398,Bean,5.686671337140115,101.00014293424535,34.76171646540472,Loamy Soil,9.464118958989259,21.34253132160763,61.535394121355075,1
399,Bean,6.088075208265119,191.84825627174598,38.94733092954873,Loamy Soil,8.415673570837784,22.37293763924653,55.12410687524829,1
400,Capsicum,5.996038993762195,252.91585132566627,80.90360696509484,Well-drained,7.108660896822554,25.091693659483084,70.2064825625998,1
401,Cabbage,6.113399210331407,337.7795766594263,67.8528848984385,Clay Soil,6.102690659979119,18.346494575276616,61.85765384026153,1
402,Cabbage,6.5059378248549,290.28387750615434,87.72734850061363,Clay Soil,7.682114497251375,15.657127716821307,57.93034961425876,1
403,Tomato,6.7030088607031875,175.77452633995978,74.59276269984582,Well-drained,9.30642894480708,27.66105573132868,64.81163956552311,1
404,Bean,6.240595431154535,142.55561554106117,73.58425064941687,Loamy Soil,8.694177425568771,20.207901773650992,68.1381751123079,1
405,Tomato,6.483672757267759,371.875328610898,76.98513882371824,Well-drained,11.296177135903568,27.257413000461902,66.86561775594205,1
406,Bean,5.644202686521645,190.93728782003484,42.94365500305433,Loamy Soil,7.280565668095943,21.225911594691766,58.89972288625171,1
407,Bean,6.089765743478807,169.37916137820497,55.598051910098924,Loamy Soil,8.717686417378296,19.682133538449133,66.87939877193973,1
408,Bean,5.8836728067286845,156.01265133632384,78.60622469051418,Loamy Soil,8.019581232839238,23.22978920822574,58.59347403286843,1
409,Tomato,5.615383034525088,276.0950172639572,53.62268726775745,Loamy Soil,8.14625567022222,22.53004138012147,60.93022740717263,1
410,Bean,5.595216644445857,188.4412245594481,79.18547322174196,Loamy Soil,6.797378950211696,22.130746117266288,66.33782537319102,1
411,Cabbage,6.229859471470804,204.40621980546433,35.53475721168646,Well-drained,9.305984602919779,20.8466674869271,56.20145369489072,1
412,Tomato,5.859252559908399,261.855710941947,66.07776279975732,Well-drained,10.384938408575186,21.90456730610903,74.25388975955663,1
413,Tomato,5.517239929451761,243.26258510346986,72.36693273604587,Well-drained,10.74924850280183,27.89712532598534,75.9469276326877,1
414,Tomato,6.384120693938375,284.9544427138263,35.306480902964196,Well-drained,8.383314631507075,24.84593148061117,62.89320128085494,1
415,Bean,6.397584096406053,106.54898187238747,74.72776612854186,Loamy Soil,6.834049582143471,19.72448368949292,67.98502281148444,1
416,Tomato,6.9462863905250165,223.50786282078866,59.21529634154811,Loamy Soil,10.543760983111902,27.153611829885172,60.4705547622835,1
417,Cabbage,6.082926226401068,314.563994067051,85.90394029501306,Well-drained,7.631513091601333,20.12545664521523,64.24451892070388,1
418,Capsicum,6.5284173736216555,289.9230117353061,49.620224722322206,Loamy Soil,10.75340013204548,26.71450449859306,66.66604825572993,1
419,Capsicum,6.310487235053817,264.0994778620477,73.90581645715633,Loamy Soil,7.520583521212838,23.973602280945638,60.07925335495507,1
420,Capsicum,6.379057498248587,212.2427560443873,88.13725436133046,Well-drained,9.451404282460867,21.16836657407746,63.6348398592004,1
421,Bean,6.100681843507858,191.9980027501046,45.5890390506581,Loamy Soil,8.068481147698451,22.816718713797705,69.44185593868154,1
422,Cabbage,6.991347434729961,256.8724246698491,36.78706500048084,Clay Soil,8.669095849033496,17.164827695776044,52.32502450601943,1
423,Cabbage,6.451785100241139,314.72153043096733,78.52825160884946,Clay Soil,6.886462699738143,21.808868942386475,67.51759891844499,1
424,Bean,6.435434047155445,132.5461415881588,77.00208623353869,Loamy Soil,8.94663639032068,18.596265623077755,63.5734936393996,1
